:mode=ask
:IOAccess,Application,Topic,AdviseActive,DDEProtocol,SecApplication,SecTopic,SecAdviseActive,SecDDEProtocol,FailoverExpression,FailoverDeadband,DFOFlag,FBDFlag,FailbackDeadband,
"ML1100","ABCIP","ML1100",Yes,No
"Galaxy","\\NA\NA","NA",Yes,MX
"OPC","\\localhost\Gateway","OPC_DeviceGroup",Yes,No
"OPCUA","\\localhost\Gateway","OPCUA_DeviceGroup",Yes,No
:MemoryDisc,Group,Comment,Logged,EventLogged,EventLoggingPriority,RetentiveValue,InitialDisc,OffMsg,OnMsg,AlarmState,AlarmPri,AlarmComment,AlarmAckModel,DSCAlarmDisable,DSCAlarmInhibitor,SymbolicName,LocalTag
:IODisc,Group,Comment,Logged,EventLogged,EventLoggingPriority,RetentiveValue,InitialDisc,OffMsg,OnMsg,AlarmState,AlarmPri,DConversion,AccessName,ItemUseTagname,ItemName,ReadOnly,AlarmComment,AlarmAckModel,DSCAlarmDisable,DSCAlarmInhibitor,SymbolicName
"B1","$System","",No,No,0,No,Off,"","",None,1,Direct,"ML1100",No,"B3:1/0",No,"",0,0,"","",No
"B3","$System","",No,No,0,No,Off,"","",None,1,Direct,"ML1100",No,"B3:1/2",No,"",0,0,"","",No
"MARCHA","$System","",No,No,0,No,Off,"","",None,1,Direct,"ML1100",No,"B3:0/0",No,"",0,0,"","",No
"PARO","$System","",No,No,0,No,Off,"","",None,1,Direct,"ML1100",No,"B3:0/1",No,"",0,0,"","",No
:MemoryInt,Group,Comment,Logged,EventLogged,EventLoggingPriority,RetentiveValue,RetentiveAlarmParameters,AlarmValueDeadband,AlarmDevDeadband,EngUnits,InitialValue,MinValue,MaxValue,Deadband,LogDeadband,LoLoAlarmState,LoLoAlarmValue,LoLoAlarmPri,LoAlarmState,LoAlarmValue,LoAlarmPri,HiAlarmState,HiAlarmValue,HiAlarmPri,HiHiAlarmState,HiHiAlarmValue,HiHiAlarmPri,MinorDevAlarmState,MinorDevAlarmValue,MinorDevAlarmPri,MajorDevAlarmState,MajorDevAlarmValue,MajorDevAlarmPri,DevTarget,ROCAlarmState,ROCAlarmValue,ROCAlarmPri,ROCTimeBase,AlarmComment,AlarmAckModel,LoLoAlarmDisable,LoAlarmDisable,HiAlarmDisable,HiHiAlarmDisable,MinDevAlarmDisable,MajDevAlarmDisable,RocAlarmDisable,LoLoAlarmInhibitor,LoAlarmInhibitor,HiAlarmInhibitor,HiHiAlarmInhibitor,MinDevAlarmInhibitor,MajDevAlarmInhibitor,RocAlarmInhibitor,SymbolicName,LocalTag
:IOInt,Group,Comment,Logged,EventLogged,EventLoggingPriority,RetentiveValue,RetentiveAlarmParameters,AlarmValueDeadband,AlarmDevDeadband,EngUnits,InitialValue,MinEU,MaxEU,Deadband,LogDeadband,LoLoAlarmState,LoLoAlarmValue,LoLoAlarmPri,LoAlarmState,LoAlarmValue,LoAlarmPri,HiAlarmState,HiAlarmValue,HiAlarmPri,HiHiAlarmState,HiHiAlarmValue,HiHiAlarmPri,MinorDevAlarmState,MinorDevAlarmValue,MinorDevAlarmPri,MajorDevAlarmState,MajorDevAlarmValue,MajorDevAlarmPri,DevTarget,ROCAlarmState,ROCAlarmValue,ROCAlarmPri,ROCTimeBase,MinRaw,MaxRaw,Conversion,AccessName,ItemUseTagname,ItemName,ReadOnly,AlarmComment,AlarmAckModel,LoLoAlarmDisable,LoAlarmDisable,HiAlarmDisable,HiHiAlarmDisable,MinDevAlarmDisable,MajDevAlarmDisable,RocAlarmDisable,LoLoAlarmInhibitor,LoAlarmInhibitor,HiAlarmInhibitor,HiHiAlarmInhibitor,MinDevAlarmInhibitor,MajDevAlarmInhibitor,RocAlarmInhibitor,SymbolicName
"NIVEL_D","$System","",No,No,0,No,No,0,0,"",0,-32768,32767,0,0,Off,0,1,On,10,1,On,85,1,Off,0,1,Off,0,1,Off,0,1,0,Off,0,1,Min,-32768,32767,Linear,"ML1100",No,"N7:0",No,"",0,0,0,0,0,0,0,0,"","","","","","","","",No
"LV_R","$System","",No,No,0,No,No,0,0,"",0,-32768,32767,0,0,Off,0,1,On,10,1,On,85,1,Off,0,1,Off,0,1,Off,0,1,0,Off,0,1,Min,-32768,32767,Linear,"ML1100",No,"N7:1",No,"",0,0,0,0,0,0,0,0,"","","","","","","","",No
"SP_TD","$System","",No,No,0,No,No,0,0,"",0,-32768,32767,0,0,Off,0,1,Off,0,1,Off,0,1,Off,0,1,Off,0,1,Off,0,1,0,Off,0,1,Min,-32768,32767,Linear,"ML1100",No,"N7:8",No,"",0,0,0,0,0,0,0,0,"","","","","","","","",No
"SP_R","$System","",No,No,0,No,No,0,0,"",0,-32768,32767,0,0,Off,0,1,Off,0,1,Off,0,1,Off,0,1,Off,0,1,Off,0,1,0,Off,0,1,Min,-32768,32767,Linear,"ML1100",No,"N7:9",No,"",0,0,0,0,0,0,0,0,"","","","","","","","",No
:MemoryReal,Group,Comment,Logged,EventLogged,EventLoggingPriority,RetentiveValue,RetentiveAlarmParameters,AlarmValueDeadband,AlarmDevDeadband,EngUnits,InitialValue,MinValue,MaxValue,Deadband,LogDeadband,LoLoAlarmState,LoLoAlarmValue,LoLoAlarmPri,LoAlarmState,LoAlarmValue,LoAlarmPri,HiAlarmState,HiAlarmValue,HiAlarmPri,HiHiAlarmState,HiHiAlarmValue,HiHiAlarmPri,MinorDevAlarmState,MinorDevAlarmValue,MinorDevAlarmPri,MajorDevAlarmState,MajorDevAlarmValue,MajorDevAlarmPri,DevTarget,ROCAlarmState,ROCAlarmValue,ROCAlarmPri,ROCTimeBase,AlarmComment,AlarmAckModel,LoLoAlarmDisable,LoAlarmDisable,HiAlarmDisable,HiHiAlarmDisable,MinDevAlarmDisable,MajDevAlarmDisable,RocAlarmDisable,LoLoAlarmInhibitor,LoAlarmInhibitor,HiAlarmInhibitor,HiHiAlarmInhibitor,MinDevAlarmInhibitor,MajDevAlarmInhibitor,RocAlarmInhibitor,SymbolicName,LocalTag
:IOReal,Group,Comment,Logged,EventLogged,EventLoggingPriority,RetentiveValue,RetentiveAlarmParameters,AlarmValueDeadband,AlarmDevDeadband,EngUnits,InitialValue,MinEU,MaxEU,Deadband,LogDeadband,LoLoAlarmState,LoLoAlarmValue,LoLoAlarmPri,LoAlarmState,LoAlarmValue,LoAlarmPri,HiAlarmState,HiAlarmValue,HiAlarmPri,HiHiAlarmState,HiHiAlarmValue,HiHiAlarmPri,MinorDevAlarmState,MinorDevAlarmValue,MinorDevAlarmPri,MajorDevAlarmState,MajorDevAlarmValue,MajorDevAlarmPri,DevTarget,ROCAlarmState,ROCAlarmValue,ROCAlarmPri,ROCTimeBase,MinRaw,MaxRaw,Conversion,AccessName,ItemUseTagname,ItemName,ReadOnly,AlarmComment,AlarmAckModel,LoLoAlarmDisable,LoAlarmDisable,HiAlarmDisable,HiHiAlarmDisable,MinDevAlarmDisable,MajDevAlarmDisable,RocAlarmDisable,LoLoAlarmInhibitor,LoAlarmInhibitor,HiAlarmInhibitor,HiHiAlarmInhibitor,MinDevAlarmInhibitor,MajDevAlarmInhibitor,RocAlarmInhibitor,SymbolicName
:MemoryMsg,Group,Comment,Logged,EventLogged,EventLoggingPriority,RetentiveValue,MaxLength,InitialMessage,AlarmComment,SymbolicName,LocalTag
:IOMsg,Group,Comment,Logged,EventLogged,EventLoggingPriority,RetentiveValue,MaxLength,InitialMessage,AccessName,ItemUseTagname,ItemName,ReadOnly,AlarmComment,SymbolicName
:GroupVar,Group,Comment,SymbolicName
:HistoryTrend,Group,Comment,SymbolicName
:TagID,Group,Comment
:IndirectDisc,Group,Comment,EventLogged,EventLoggingPriority,RetentiveValue,SymbolicName
:IndirectAnalog,Group,Comment,EventLogged,EventLoggingPriority,RetentiveValue,SymbolicName
:IndirectMsg,Group,Comment,EventLogged,EventLoggingPriority,RetentiveValue,SymbolicName
